{"CNNSig": 0.8706202046645571, "RNN": 0.795524296690436}