{"CNNSig": 0.869733056296473, "RNN": 0.7280051151200023}