{"CNNSig": 0.868622122823125, "RNN": 0.8871803068748826}