{"CNNSig": 0.8654331842346874, "RNN": 0.8892423274267055}