{"CNNSig": 0.872530370874478, "RNN": 0.8912484016259918}