{"PEMS-SF": {"rocket": 0.7861271676300579, "CNNSig": 0.791907514450867}, "JapaneseVowels": {"rocket": 0.9594594594594594, "CNNSig": 0.9324324324324325}, "FingerMovements": {"rocket": 0.5, "CNNSig": 0.49}, "FaceDetection": {"rocket": 0.5950624290578888, "CNNSig": 0.5559023836549376}, "PhonemeSpectra": {"rocket": 0.033999403519236505, "CNNSig": 0.1550849985087981}, "MotorImagery": {"rocket": 0.62, "CNNSig": 0.59}, "Heartbeat": {"rocket": 0.7414634146341463, "CNNSig": 0.7463414634146341}}