{"PEMS-SF": {"rocket": 0.8092485549132948, "CNNSig": 0.8265895953757225}, "JapaneseVowels": {"rocket": 0.9648648648648649, "CNNSig": 0.9594594594594594}, "FingerMovements": {"rocket": 0.49, "CNNSig": 0.43}, "FaceDetection": {"rocket": 0.5925085130533485, "CNNSig": 0.5539160045402951}, "PhonemeSpectra": {"rocket": 0.03966597077244259, "CNNSig": 0.14017297942141366}, "MotorImagery": {"rocket": 0.63, "CNNSig": 0.46}, "Heartbeat": {"rocket": 0.7219512195121951, "CNNSig": 0.7170731707317073}}