{"PEMS-SF": {"rocket": 0.815028901734104, "CNNSig": 0.791907514450867}, "JapaneseVowels": {"rocket": 0.9621621621621622, "CNNSig": 0.918918918918919}, "FingerMovements": {"rocket": 0.47, "CNNSig": 0.57}, "FaceDetection": {"rocket": 0.593927355278093, "CNNSig": 0.5522133938706016}, "PhonemeSpectra": {"rocket": 0.037876528481956453, "CNNSig": 0.15150611392782581}, "MotorImagery": {"rocket": 0.63, "CNNSig": 0.52}, "Heartbeat": {"rocket": 0.7170731707317073, "CNNSig": 0.7365853658536585}}