{"PEMS-SF": {"rocket": 0.791907514450867, "CNNSig": 0.8092485549132948}, "JapaneseVowels": {"rocket": 0.9648648648648649, "CNNSig": 0.9405405405405406}, "FingerMovements": {"rocket": 0.47, "CNNSig": 0.49}, "FaceDetection": {"rocket": 0.6021566401816119, "CNNSig": 0.5524971623155505}, "PhonemeSpectra": {"rocket": 0.03280644199224575, "CNNSig": 0.15687444079928423}, "MotorImagery": {"rocket": 0.64, "CNNSig": 0.57}, "Heartbeat": {"rocket": 0.7414634146341463, "CNNSig": 0.7170731707317073}}