{"PEMS-SF": {"rocket": 0.8265895953757225, "CNNSig": 0.7976878612716763}, "JapaneseVowels": {"rocket": 0.9621621621621622, "CNNSig": 0.9459459459459459}, "FingerMovements": {"rocket": 0.53, "CNNSig": 0.48}, "FaceDetection": {"rocket": 0.6024404086265607, "CNNSig": 0.5527809307604994}, "PhonemeSpectra": {"rocket": 0.033999403519236505, "CNNSig": 0.15627796003578884}, "MotorImagery": {"rocket": 0.62, "CNNSig": 0.48}, "Heartbeat": {"rocket": 0.7219512195121951, "CNNSig": 0.697560975609756}}